region_id,pixels,area_m2,area_km2,centroid_x,centroid_y,rank
90,197,19700,0.0197,203662.76649746194,8091444.035532995,1
28,124,12400,0.0124,206158.79032258064,8095438.548387097,2
96,92,9200,0.0092,209234.45652173914,8091464.021739131,3
123,70,7000,0.007,203709.57142857142,8090894.857142857,4
142,70,7000,0.007,203721.85714285713,8090506.285714285,5
15,66,6600,0.0066,203392.12121212122,8096800.606060606,6
10,52,5200,0.0052,203498.46153846153,8096902.5,7
101,49,4900,0.0049,206869.2857142857,8091488.265306123,8
119,49,4900,0.0049,203542.14285714287,8091115.0,9
36,47,4700,0.0047,205816.70212765958,8095243.085106383,10
94,42,4200,0.0042,203553.33333333334,8091488.333333333,11
115,37,3700,0.0037,209351.75675675675,8091280.945945946,12
132,36,3600,0.0036,203734.72222222222,8090737.777777778,13
131,35,3500,0.0035,203626.7142857143,8090775.857142857,14
8,34,3400,0.0034,202187.0588235294,8097644.705882353,15
32,26,2600,0.0026,206100.76923076922,8095346.538461538,16
62,24,2400,0.0024,209199.58333333334,8091837.083333333,17
78,20,2000,0.002,203598.0,8091636.0,18
55,20,2000,0.002,203665.5,8091947.0,19
130,19,1900,0.0019,201117.63157894736,8090831.842105263,20
107,17,1700,0.0017,200813.82352941178,8091364.411764706,21
82,15,1500,0.0015,209427.0,8091654.333333333,22
76,15,1500,0.0015,209112.33333333334,8091669.666666667,23
72,14,1400,0.0014,209372.85714285713,8091738.571428572,24
113,14,1400,0.0014,200853.57142857142,8091323.571428572,25
93,13,1300,0.0013,209351.92307692306,8091562.692307692,26
147,12,1200,0.0012,203701.66666666666,8090335.833333333,27
122,12,1200,0.0012,202401.66666666666,8090930.0,28
148,12,1200,0.0012,201260.83333333334,8090130.833333333,29
38,11,1100,0.0011,205828.63636363635,8095147.7272727275,30
22,10,1000,0.001,203260.0,8096725.0,31
111,10,1000,0.001,209304.0,8091350.0,32
