hour,Observations,MAE_C,RMSE_C,Mean_Error_C
0,1456,0.58,0.7349,0.3092
1,1456,0.604,0.7661,0.3353
2,1456,0.6209,0.7829,0.2624
3,1456,0.6367,0.7878,0.2986
4,1456,0.6331,0.7862,0.3212
5,1456,0.6127,0.7662,0.2643
6,1456,0.7763,0.9781,0.5252
7,1456,1.0185,1.2552,0.8276
8,1456,1.0376,1.2884,0.761
9,1456,1.0551,1.2959,0.758
10,1456,1.0007,1.2387,0.7001
11,1456,0.9372,1.1857,0.5492
12,1456,0.9455,1.2131,0.424
13,1456,0.9597,1.2552,0.3882
14,1456,1.0453,1.3449,0.6079
15,1456,1.0979,1.3448,0.7405
16,1456,0.9917,1.2213,0.6872
17,1456,0.7808,0.9807,0.2629
18,1456,0.612,0.8029,0.1947
19,1456,0.6575,0.847,0.42
20,1456,0.71,0.8915,0.5481
21,1456,0.6956,0.8716,0.5403
22,1456,0.6386,0.8061,0.4493
23,1452,0.5912,0.7517,0.36
