feature,importance
temperature_2m,0.9456192214338749
hour,0.016906989946577727
hour_cos,0.012510548063923597
hour_sin,0.0067604778649992415
temperature_lag_1h,0.004833504143695172
cloud_cover,0.0025796980113456675
temperature_rolling_24h,0.002367426540272816
relative_humidity_2m,0.0015252681448014184
wind_speed_10m,0.0011543434991173782
pressure_msl,0.0010808754546049368
wind_direction_10m,0.0008900305619271347
day_of_year,0.0008487804556688688
temperature_lag_24h,0.000788291901556559
year,0.0004810385209349515
precipitation,0.0004418841619471658
day,0.0004250151053773862
month_cos,0.0003181345720323388
month_sin,0.00019395838979309197
precipitation_lag_1h,0.0001856804756828037
month,8.88327518668699e-05
